vid_id,is_turkey
pyKh38FXD3E,2.9373666e-06
THhP1idrWXA,7.8867415e-06
jsw3T6GY2Nw,0.0004351037
nFkXTMHcjMU,8.763386e-06
Au8g9kAlrLQ,0.99007004
tgk3DUpRI-w,0.00082942634
BczNwyCGlH4,0.009778449
zB5eXpmJDTM,8.173187e-06
099z8epFcfc,0.99986434
lQ8DMnq415o,0.99997735
GQiufwoajWs,1.0
INo_-jgqN8k,0.99990654
hYRPxAli0qQ,2.462438e-06
3Gz_nevdXMw,0.9219673
pRTdKKDW-eA,1.5871175e-05
Bea4YfWKAgY,0.0001354983
De-ZGbFCAes,0.9999974
bWb7maOK2N4,0.08589128
3yShrSi_g2I,1.11421505e-05
nUG2f3kzojI,0.999079
98MOYVfyKy4,1.0766723e-06
DntcoNVqEsQ,5.2011706e-05
t_acOLqB9ZA,2.0598402e-05
Di9E2EwpD_Y,0.9987092
AMrMa379dY0,7.740221e-06
phWfXmcDeRw,0.0013556682
AyACodY0hek,1.5612685e-06
U3YigFH5bMs,0.0001292884
sLHYvqfduwU,0.000114009265
xfGXhVboW9U,0.9999931
GyjR5V0Sj94,0.00036375923
FcyOVSjbUEM,0.926227
NhKRCuCg0-g,0.9996717
B_BlG6QhyCI,0.97797763
CjPlMp0ToQc,0.9743388
A5Ka8Yaonr8,0.0006842991
KJhk0LgrjeE,6.144243e-05
heJYXuYA5Cc,0.999859
GFeMt2veznA,0.9999993
mJo_u5KPNMM,3.4461056e-05
ZdnL9LMvJBw,0.00071100396
lrOISIMtHXg,0.0056292964
31apnEcdIQc,0.9973646
sO0LPs5WtBo,0.923256
lqeHb_00T1A,1.555355e-05
dPmqNGO-r44,0.99397343
8hxuHS7nEwk,0.9980356
TDNnNmgqhNI,0.8883322
D-j1bgH3Wyg,0.029695492
xvxZQDfQblA,0.2013791
FDHIsDKSXlc,0.9927192
i_ER8O87unM,0.99999166
nwEkhvUErao,0.0001242596
CEp4vODphO0,0.99990094
LTuFpwlB-T0,3.1657823e-05
kcVZrmJVApc,0.999997
QvLvRJUUiQE,1.0
4Il_1KO7OKw,4.8398697e-06
SCV6o1mfDOY,0.0002537968
Iqg21fWbKeI,0.7215661
DH-cwvd2VSg,0.22751386
oDQb7qZsz6o,0.0032934658
ApdF9IbnQj8,9.812859e-05
l7wdJtEJrRc,0.9998503
LLsKr1v6uE8,9.906522e-05
SY3Ygqki2gY,0.9989497
p95rtHcQ528,0.00041585078
1GYfkje0--U,0.9999956
8fF7rdKKDR8,0.000105214844
7Xq4CPPbv9k,0.24981476
ktbMfk3tzqY,0.0008393175
ebJqGsZAfJs,0.999972
uIhCgzZzndE,0.96182215
PDjJILVcNGQ,0.0068834387
YKTAXQzbWzw,0.00016101355
fKZ3q6ct1uY,0.96387476
1HEVToMSVwA,0.99992764
LG7XGMqy8D8,0.00082235853
c3k--UetrVY,0.9999982
BvMTHWZtpdw,0.00019244627
VPWDdoixoVI,2.7889479e-05
mcGkciLmutQ,0.0027538433
KyvUAhCgn4M,0.9999919
xfwe0Xtz9_E,0.9999604
cxkCPSXyT-Y,0.99995744
d5qR0aff0Kk,0.2535883
APV65gMZT18,0.98720425
lTN3L_6_YeM,0.0017646344
D_TkPLA9f2s,0.0011240789
aCo2by5QPDM,0.9996388
ItJ_voFKxVY,0.99998736
RbVtm-unojc,2.2484368e-09
nbtyzsRecK0,0.00018467888
6T6P0S7B75o,1.2311199e-05
3T00Vj88Mqw,6.0932398e-05
uGeQQjHBHgs,0.002887544
hSMmYRRe5ng,0.94265676
X_JUmtbYjfE,0.99786466
fbWtQ2GWKDk,8.566245e-07
1dH-lZ8TNLU,1.0
PMVia-zf_3I,0.9999993
JviwO9Zj7OU,0.0010306269
G6HAixRtRKA,1.0
tXsDL6DpBYM,0.0011801685
DbHZZt5lRy0,0.76386464
Bjf6zcZXTCY,0.017259495
Pz8w3ZDCD3w,0.9999857
Z8-hoaD2zN4,8.907825e-06
ZiLrtELgMMY,0.14582442
NryjtBZZIHs,1.2438999e-05
bzjimtt3rGk,0.91613793
mVRE2rICraI,5.988422e-06
wsVx_nQXv3c,0.0022583974
Dxhl3YQ0d7A,0.75010604
9si5vOH8bJU,0.0003347691
TRlqJ1JJylc,0.99999964
oowTjWgAi4A,0.99994993
Ui1oGt8MlJA,8.38773e-06
fIXziy4uYao,0.027534466
ddbIpqxNADc,0.98667175
X8LsD1x5Ot8,0.9999759
HAS6G7Uq4Oc,1.0
hOT8MRkReAM,0.99989414
q84yP8KZGhw,0.9999999
GJC2EcC73vs,3.1371383e-05
DLLWOFquoB0,0.00015463753
FL_v2PhMd9Y,0.0001890556
6PD-aHrl0ME,1.6276543e-05
3HqpH4c_kn8,0.9990351
IH0Hswbh7KA,0.8123517
ZD1RKeEkKmI,0.00017907884
_JkYH257o2c,0.99983764
KXINjeZKQ6Q,0.98798054
Q3xRKT6koZU,0.9782209
BTTJ9-MRcYU,0.9999999
bv-D6HE5lIs,9.114411e-05
UBnuXvoVclc,0.06570482
hLV0CNMNm_g,6.375979e-05
E0CaC-gyAuo,0.0006554164
tXt1qr-rE7U,0.22264211
hwa8-_avXeU,6.909308e-06
JTI3fR5ipko,0.99999976
C4lC-fS1_aA,0.1032979
4Fq83h_zrFY,0.017602824
c3ksYeOPU4I,0.99999905
t9MMldUrBag,2.4835457e-05
r6hA0ZG76_4,5.82682e-05
uqvAwXNZrsA,0.60166335
0JmwhBQgF2k,0.9998466
UxDEeFutnw0,0.99954057
eR3r2cnzb1g,5.9749755e-06
lkeAY5br9E4,0.0011063905
Sx2O_jKPQ-4,0.06295238
K51wC0WjvJs,0.9999889
6jeKcfkacNA,0.99999166
PgiVYe0HbNg,1.3261657e-05
8kkYR1s6r8E,8.4528285e-05
4QD-qgn9Z6w,0.80846167
5TOCsNGJ_FE,0.0046943934
PIYGqo2AOGg,0.8909662
TM9rc0zFmTc,5.4026794e-05
AfkrehNyBXU,0.00020355677
bnJP3pWTgyg,0.99985623
ZYze8q72FT8,6.8459674e-05
2m3lcde7WNI,0.012272044
0nfvljVJo14,0.6605151
FKChDiQQ6uo,0.903324
zOkH1PgKlnk,0.0006057344
sIumcUApZN0,0.08389664
tZSBFkTrfPo,0.99992883
gnUtSG7wD4U,0.0002680874
s81NFqjqYis,0.99999654
tlrbGBZJFi4,0.078903474
--sIMPsphRI,0.9058782
eORQVKEEP-I,0.0025979574
ERr5MnuOy4E,0.00010620441
ju1sNgklH2M,0.00014048119
B1OYsV_Y85Q,0.012085687
XPD0WgFfzXA,4.303272e-06
BF7sh0Ugn-8,4.7960377e-05
ng6q1klBoSk,0.00026186358
Uu3aYu8h8KY,0.1429605
5id-y8MCVH8,0.9999989
d0VnBP36O9w,0.60265493
K5v8nJ7_A4Y,0.99999964
JXuT6EkFcoU,0.0038333614
6Tv6Fl3zeHM,0.83494
Sgo3iJvWzaE,8.1310645e-06
N3KLEZQa4h4,0.99990904
slFRHUHoadw,0.99978656
JPAQdPvP2dI,0.00036624615
IB1Ryi-SA6g,0.26802573
tA0tFeiW0DI,1.0
jLTxmaVmVSc,2.5976346e-06
fhDrZf9QZOk,0.008792143
Vj5bi80uPuY,0.99813676
-2TDIQvBy6s,0.9991892
SxThhN6OH9g,0.99435425
p0spFPUQ6wI,5.209781e-06
PHlxk8gVbzA,0.9940969
4bkhAlgw-44,0.002287761
BqTAW7c8QlE,0.9999205
1U32Qq3w8S0,0.99994266
WaRNp7DL-mc,4.9120463e-06
Y_y9SQ7U6Kc,1.4702543e-06
5xWN3hFGfxg,0.9998466
hAukn8dWZ2M,0.04868177
nVpU4g6jWu8,0.71344215
7hzbwHgtOaY,0.93567675
grcTexblerg,1.3221551e-05
t7TzRna5fS4,3.95657e-05
j8UVfQjK9Tg,4.6702095e-05
YudutNqoRWQ,8.134228e-05
6LRQ3IAn5uk,0.0008529144
ARwr6Uyq9lk,5.937087e-05
z-ZsxyWX8qs,0.99999285
7xI6rK0Siv4,0.00013282493
E8pqau9WdT8,4.5337038e-05
UO5G1J06PKg,0.97212034
SqTd3KJndFY,0.39999336
kD090VcrKjI,0.001347601
5HrA9jB7zrU,0.0001326361
zAyqw9x3Bp8,0.9999999
_YIr1VrAZIU,0.0019732567
c4_AaYfdxMI,0.000107276705
OAv8M6JffT0,0.00020693208
v3h_4fbY8SI,8.082759e-06
g_Z2w6mvjbA,0.00047673756
KWX9cmLH6NI,0.9999994
Rx55i0IvDoM,1.6517666e-05
uZkDsB1blm4,8.544275e-06
7cQgkB5dilE,4.6654906e-05
lLdaRlWf2GU,0.9999596
aOwuwy7VZKE,2.8445962e-05
LzxWO9WEgNg,0.9974239
8HAXIPzqpOg,0.99890375
cuBsjHHg5jE,5.816189e-05
Gm9mhMg5fys,0.99999547
gN3_uXTUbNw,0.9960077
o11EnyVjT3s,0.43485865
Klhc6APAS7A,0.9999933
4hCbu731GqA,0.013597837
TWXTQWx3q-s,7.860187e-05
c0CcqlqwyRI,0.99996877
NcONXUDh5Vo,1.2901145e-05
DrI_lsVHdIU,2.9853374e-05
1PzuHLQzyfQ,1.0
YcgL5Pz5BSA,0.016817652
acr9RUaO2io,6.8845966e-06
ooQEv0TkgnU,4.345732e-05
CTIbTg9FQks,0.00018768232
AGRcfesAhDI,0.0027007356
J3GKypR2a7E,0.9997508
JLO6Bn_L3pA,0.99999666
W13DqrxBm9s,7.471665e-05
oGgoiKCyeH8,0.99252725
F4zFH99tQkw,0.65672207
egChkSgroA4,0.99948716
xWs3njVJ9Zw,1.9758289e-05
DJC1vdVJUn4,0.0021798592
ZSjJ0Wop4m0,0.02319685
k2ehUNirfP0,5.9988753e-05
i3cQ0amXtCw,2.0249587e-05
ScNLWuogqpI,0.9999933
WCeiVNDg4pY,5.196785e-06
zMTikzGfrws,0.0022034412
0Mu7Q66ojvY,0.002051576
ZLSBdvmtuLM,0.99999833
DK1i1jKd0l8,0.9969078
ETOorNNFxFw,0.024719734
RTPvz6DEWXc,0.0047602486
sKglR9n1aFg,1.6505305e-06
tcli3RyxCsc,2.202567e-05
bpDicRIWZH4,0.99983156
2cIiXSCDTlw,0.004030682
Pk8W4jz9kPs,3.8287304e-05
ehhMjlXEkNA,0.9999994
-0fOTY1jBhQ,0.4333917
SbThlufJzp4,0.999516
J5sSgdJIU5g,0.977617
DDzZsupfFbk,5.3822555e-06
dKR01PEdsN4,0.017694546
hTnQNEYSrAE,7.026564e-06
UqpgzTeqZUU,1.022705e-05
ubt4wZTuWvw,0.021442236
aRZMQEFsvek,0.99994767
MY3NZD4F2us,0.9999999
37ey8VFjqX0,0.9992011
1neC7OSHueA,0.00035312737
WXq3kj6Av-A,2.6074087e-05
YU1T92otSY0,0.0222394
wDPhumUQLIo,0.000376628
-hlEMlNWUPg,0.12512189
qXQb2pOtOrY,0.000111983514
TaMyZBtIbls,1.3219595e-06
IEpswDTC1CA,0.9999932
qyBYm0gQ02w,0.99995124
AtiDw5r8sYA,0.9930147
ZU-zJHTAUt8,0.9999989
0MYkf5Kw78s,0.9644987
y8WZHaNzyxg,0.016608786
i6NCYLRcB3c,0.9998264
4gzbc0BReek,0.9999958
lVNuPwIXlRE,0.99999034
tqMZ7xMB5AU,8.287587e-07
B2T7zDpOBKw,0.9977912
6Ch2m_uN1cg,0.99998987
lpwx62dVdjc,5.461729e-06
KZvdxCXpMcY,3.1805569e-06
Yb2Gk-EeKUs,0.99998987
ILXnLrVlySY,2.8414468e-06
qwRE6uoA1ZY,4.1826654e-05
CiPkt1ekb_E,0.9999317
ITTlr3peK38,7.455545e-05
s8oh4kDYt3E,1.6011588e-08
5cjYO9272BY,0.9999845
WcmqC_52404,0.0039043413
nxYQfmxiF-8,0.0030191033
mzKUqN4vH3k,1.4204511e-05
vbjKftKNUv0,0.00013932034
oLPMHyDKQnQ,2.6648804e-05
7o2eDzobS3s,1.0256478e-05
4jDqaqqvLVQ,0.99995315
OXwG4LoZ3CM,0.9973992
5-Eu5QrzGag,1.988289e-05
E7yWNxBA0NY,6.337613e-05
0ccK49fwj1o,0.94424623
EcSUGDDLKqo,1.1879529e-05
qkXBnjfbIR0,0.99999046
qy3LAwRuo6k,0.99999726
mXVEv8g2y8o,0.99996567
Z1zOTX3uKcw,0.0012303565
BTyukY7Tb-U,0.0015696104
_Ya9PYJRLmU,0.77604556
uM2D-7BcDPY,4.5026864e-05
iaskbAjwh4w,0.98944014
v_MHmB23Qes,0.9964139
FjEhvn-gzS8,0.00063536107
9-zp7DOUSa4,0.69180876
GcVPsstt6lQ,0.9979851
76kVWkYoaKc,1.7261145e-05
xswGyvlMvJQ,1.1707563e-05
CWk_lxDRXZg,0.8325329
nhBOCaPnrE0,0.00068750186
UvZq4ApsVNo,0.9804749
KwV6rzffSLo,0.9997274
oUlNqkYKRmA,1.600722e-05
ZatGvtKsLPI,4.2876974e-05
32Xc593-NII,0.64958566
ctp5OzU0I4c,0.99998474
hcfj5h_bGWI,0.04571703
NrrbHWpROFM,6.4639617e-06
iMSMvQWI2P4,0.000301576
wFftnwMmMiA,0.9999987
4WpbCiW4YZ0,0.99990845
XTm2n99n6aM,0.000107165564
6TKsKTkl9jA,0.001073924
OxbHUMFOxnk,6.0889757e-05
pYrPT2l-CQM,0.044226024
U-_urtiBVvQ,0.99834216
cjwLaIZUw4o,0.008978731
C6stse_AFpQ,0.9997106
fqC3qK22QZg,0.99969935
vViUmqUrww8,0.99937564
FxhFiPaJdFY,0.551592
j5KYXEYkoPA,0.0003264482
2GfCAtKutOA,0.9864899
7pPocr-Pfto,1.557635e-05
XrdUXZ1icBc,0.9250344
AH2YEmKENLk,6.253946e-05
259QGi4PNAc,0.9956293
hOfRuSw28l4,0.0012570077
4ymnL9Y1A9Y,6.7579313e-06
EOzdp31eHtc,0.0010358059
VkQxJl99gfg,0.9997991
WlUSFD1qM_Y,0.9999074
4eOIP-P4HXQ,0.00016003166
i1Ppn7Zq_zc,0.12537716
kmvs4OZDqFM,9.845425e-06
cUWjUGy_y0M,1.6890235e-05
U6eIWvDKllk,0.82753664
7CyRRHgz9E4,0.125646
gQby3qzwwQw,0.9524315
-RRJMkzuqlQ,0.0007793111
c7XLVNd99fU,4.2901513e-05
ofcOcZ4a99U,9.894474e-06
ql3B5vv-B-g,0.9999027
5eihlm59U4Q,0.00029143092
qDV4D9cqmAA,0.0006928582
Urx-eh-6YLg,2.463075e-05
pcSMEG5Wdqg,0.011545719
hN7T9y4m3qg,0.77170753
krkLDF073_k,0.8438211
CrWiG7dvZIg,0.0030584175
iaGeGqCEsJI,0.00017962146
Y2s64LfemLc,0.023218332
toUZY1lkDKc,0.00022268266
aT3b4INWCAo,0.0017929137
zyYa2-HKxDE,0.9994779
RhJr22ddzPM,0.99991524
Rl8gLsg7d_0,0.00014391103
JyqYZ-UTG7w,0.021437617
UxcXLU1xnw4,0.996539
_8TpsohGbQQ,0.0003560523
VKvB5dwL9Qg,0.636493
n98PCxRsvwE,0.99989426
EQTeF8RWoMg,0.99632406
LzHKfeV8_IE,1.0
bUTY_c6S3VI,2.5799236e-06
M5ZRPPe34R0,2.1173889e-14
R3SiRmZLFhc,0.007925233
tPbEeh6nzLg,0.99998343
2FGfxOMZoK4,0.27601346
FyrUn8i_pH8,0.00043880515
Rfv4A38BkcY,0.8241497
8oYnpbB4HsE,0.99956876
K3r7NucjGTE,0.9993925
OTSNSA1XO1E,1.04148476e-19
c9-ilanl8dg,0.23449294
dfD7GGotexs,1.0
Mrs-siZmviU,0.0019443895
89AAdV4lkag,0.9996061
zy1pgd3eIOk,0.0053238003
4oliV6d_kN4,0.000117051524
EIR2KR7Qt2k,0.00029954725
g-t2t6oBmrI,0.008620775
GnlIJBRz3JI,0.009485525
Auc5nWhuA8Q,0.00041280856
maUHK05OFy0,0.9964862
mhfbL1nF32g,0.000106312415
C8I8uxb1Veo,3.7239657e-05
Z-gZSzl9uX0,0.7679907
EodzL5d9A78,0.99999356
D_fChPuvQnM,0.00033409032
BqBRvhsVNKM,0.99751663
OvJ8Cgu-xbY,3.545082e-05
1LknL4xMO3M,0.00013693239
nZ-9wCYr698,1.0603273e-05
S-NJ5GMSmvc,0.010009965
ub1tbOjpSvs,0.9089076
kPeuZwlaSkY,3.5918947e-06
d3nNOkKIBbQ,8.78261e-05
TIX77_ZSboY,0.056621026
Wfzv-cabWLU,0.00018484818
UrEcuHTzO3A,0.056223124
flJI_IW5-jM,0.002621815
Y9d_QPFIyWE,0.9998952
up_pFUwhlOU,0.00020453382
rz-K_ts17Oc,0.9999994
hq5YMyeny84,0.00065844605
_Yl5QJ5FbMU,0.99632555
L4UMBsZwk-Q,6.542819e-05
c0-asX2FuPk,0.815959
l9yKYfvWMB4,0.999987
VFKg_VX0nf8,0.99991083
-l1eztcQKAw,7.833011e-05
9R4qwSl7u2A,0.99970275
OpaVr92qexM,0.9998374
Yxp6ClbMlhE,2.2071486e-05
t8aqk9cM-FQ,7.809718e-05
70oARHTT63c,0.9659791
Fihamhv6TJo,0.0007735368
FHkt1s21eVA,0.00019844288
onNydeX34wk,0.98423797
THSEWtET5cQ,0.9983006
C3b8jerdX2A,0.99778134
wAFz-WuuJ4o,0.98147833
oMmqKfmiDC0,0.00030491198
YEJ38Kh27N4,0.0033131468
g2Fq2-zUaO4,0.93446344
bdCPo2GAXSE,0.99960834
IN2OKigCe8c,0.99997485
VYfk9AY59dE,8.5109015e-05
htmuNeT0_8M,0.99999976
p32OC97aNqc,0.005410055
Mtb2lUNEykI,8.903808e-06
KcWPqFhrna0,2.029691e-06
kY9d7K4MXDw,8.384582e-05
R-dggjvgR_w,0.99999905
Dm6_T2Atzuk,5.5647405e-07
FJmnucB-Wik,0.99975663
ObLV4-Sfkyg,0.9946196
VR-u1SD3HEs,0.82650685
P4OF57vJwUg,0.99948883
eqOD_60nLOI,3.0254594e-05
Jwo-2ljdpXk,9.615047e-06
riUy1sJqgvM,0.99997365
Xh8WqnBt8E4,0.57624775
jBG8qw_2KvE,2.94931e-06
Z4Cp4bSTwFQ,0.010076769
iwZ28tzXKRk,0.0040801177
fZpo0Y14UwU,0.000101960846
STIRV-ZBOSw,0.99967885
XuGaYYdtZEc,0.047283307
6yRsPPALSE0,0.94380087
qEGAx0gxer4,0.00010695587
en3jgnO6Pxs,0.99938035
ZkbMZSs9SkM,0.010690208
ns0EvV1hd_g,4.6185405e-06
Qpy_z8mnBBE,0.99992704
ajoJp0eo6Kk,0.87351227
KGTL8rFxk_c,2.0498437e-06
cdhpPQr5xnU,0.9999993
AaApDRI2C1o,0.99999964
8ILx05DE7XE,1.6461541e-05
4UAq0hu3CA8,0.00023616059
Fn94fVXSch0,0.0001663213
aHQ42pgXh6E,0.99999785
STrTdm1cUCE,0.3747918
UEfewQ0-YCM,0.00011509777
fCOGueSYxME,0.00095844746
_OOCcxvETVg,0.99772626
c8iyYjvNgmo,0.58061755
GXAnvxEGiTA,0.17400448
UZdqjHxo9o0,0.9999876
zIyB8-aKSfI,0.4668571
byb8WjknZxw,0.47924134
J9ZQcJJBmj4,7.899268e-06
QxzevgLLaMI,3.4713812e-05
X0LJpGBl0tE,0.999835
AyTKILuAzDc,0.9989672
1QqZNlkUkN4,0.9999956
3gVPJ9R6tA8,0.015497324
Aa0FU2EIMZ4,0.9999409
LuRuBVqk61A,0.9987198
1uyZNb7V7Bs,0.8062022
Iatpqn_pV1k,0.9620772
KenV2bIQf1o,0.0220767
HEYApdJDltQ,2.0073437e-06
HV8TdUaplzI,0.0010958381
A0OoUDy1et4,1.0
bgYoWcUZmDM,0.000473885
OkA989YdFIg,0.004644629
RJ44KbKJek0,0.9993044
iDQOcUIz5PQ,0.9980165
qxgJKGq6uwA,0.00072656607
wc-L04HbsvM,0.616778
Df9PxGUwi9Q,6.336702e-06
zFROQ9U4kuE,6.165478e-05
ryLauoALvuM,0.7909225
V0JWJOp2u2Q,0.00043078882
IMMwnXIhEIc,0.00042705645
P7BUo5gWeDE,0.9999994
hSBFPqu6kpQ,0.6789562
WTRH2JIPnd0,0.99621
NlcoTbqLOaw,0.5857789
zFx-7l_jUPs,0.00011237717
B_VbEZndKwA,0.999992
A89nsi8jvx0,0.99271387
qKJNKr7rXWk,0.021112502
0DPHC547TJ8,0.000629302
_D4kTqhXfew,0.00069504825
Y0-F3Q-39Sg,0.91980886
QM-II8gdFCc,4.441708e-05
zI5SOz-vTZ8,0.0025689001
pNOBs3c8Cz0,0.90260804
El3h3rjQdWM,0.99999547
W4zX2_hpNOU,0.003620459
_4doKDSYLvs,0.99447215
zv1ySnEmWwY,0.00036397346
MVDR9JeJA6o,0.99999964
CwZbOyP1ep0,0.0005755092
XQXjJ353Yho,0.039772864
XNUFx1nSs3k,0.0039730207
B8X__kC0pjI,0.9999689
CV7DLq1wN0A,0.31161335
aADZSIo4BuA,0.0027344339
BzqwqyvW_wM,0.9999907
Mf5ytSQBg1A,0.98530823
Tqd7YTwQAWs,0.07515284
qIIUZUHMpao,0.00016906559
rKW8_GrRAzQ,0.009206986
13AMLEH6qXU,0.0025902437
G_QyUROU9cE,0.2480281
FRLV9WnpnuQ,3.4566547e-05
BCe-NWZEOVM,1.6449593e-10
Ih7sLCzExYU,0.99872285
SL30gbU5F3I,0.03661694
35TJzkXuJ1w,8.6810105e-05
EKMXyhAK_VI,5.6155034e-07
VWRn3YRHGAM,6.1673476e-05
Do47Ww6pxvY,0.9999969
XwhhEtyGMzM,0.47572535
nVlmth89WQA,0.010500312
AocPl31STvQ,0.02390038
I04PFDkq0Cw,1.0
GMf18ghyXMY,5.288437e-06
AGsqLzdDniw,1.5831147e-05
mrLnNUCJ34A,2.4874022e-05
KQ5BON0vnIU,0.9988575
gARmdkNnzGE,0.000113743
a_8hdvvXGN8,1.4919474e-05
WdGkP2ID5S4,0.9999851
lpwGlmTnPTs,1.9485165e-06
DxmbqryhlGU,0.0001707386
AKZrCAcK1EQ,0.8946982
uA8Q7O20utA,0.99997544
XFMoSsad3YI,3.1297811e-06
tqWABeEX7Bg,3.218352e-06
E_k_YuELbYw,0.002544783
EMw8pNpJLlA,2.288395e-06
pbVghRdZCxY,1.3422202e-05
Q4bL65-Ef2g,0.9998361
LaVpG4TENr4,0.9999943
86PXZd6Qt9I,0.00026815463
B9skA5Rp2Sc,0.00035485288
hMrESrAMqk0,0.7186498
N_Hd5Ld_4Ms,0.00034743935
QaNfXjnGcG8,1.7868146e-05
Wtcq4hUciM0,0.009359268
frNeSUlR8ZI,0.9698705
TJrJev6Ec2o,0.00022913699
Wxa36SSZx8o,4.029405e-05
NzfJh_JrKHI,3.2175355e-06
Wq04Kly8t-w,5.600097e-06
dwemIEZ1VP4,0.9557037
YWpQDMEu2qc,0.95709956
Jq4Pt1d1ZFo,6.191095e-05
Lphn5qUNRoA,0.99998546
-tv06vl4t5A,1.0
luUp1v1wJoI,0.0031901863
YJL4vEW0s0I,5.254448e-05
3fDjNipMPEQ,1.9052506e-05
Fu0NCH62iVI,0.99934906
JRaTGGl71U8,0.99973017
Ujy8TOYFqb4,0.8512587
Mag1V-yRrF0,0.9700795
uu50XVcVmdc,0.03577127
P1-oIS_YByw,2.4752466e-05
GD8ojWJjv-A,0.42280906
vFlJzIeTPrs,2.1009968e-05
E8LTVpTVHIU,0.99954176
AiF3tOMHqUc,1.9367817e-06
1L7xiSWQU4w,0.09958918
eQiossnV_E4,0.03084267
_bjCXk9GP1Y,1.9973832e-06
x-09y2AK5hA,0.99997175
jzSfx_iO63Y,0.00015967515
TQMQvgurnRw,0.00036986012
B9doP1IgE54,0.00013947692
bPatTVFJyU8,0.025239099
fQGQN4uZs5E,1.025023e-05
mSTHICFPkv8,0.00014534693
Dvap8uNqh2g,0.99009037
Lb30PEc6a70,0.029546024
9jkiIoHQ-Og,0.9999989
cY6KAjqmoaY,0.0005833363
oOeikG4XSsE,3.0065175e-07
rmOLDsHfnvw,6.8161724e-05
vzJOMUqQMPo,4.9910435e-05
tthkQZPufLk,0.24292806
MMry-wMfBkc,1.6420463e-05
6xlV_D4yJDc,0.0008012471
3B0WbwAkByI,0.0058027054
P--7sSuEa5k,0.99999726
DiV7Z_THBpc,2.3363318e-05
JBsin8hJecY,0.0004028977
OsvvjkfATWM,0.9999989
_NDbOte9tZY,0.0001734323
4pUiO6uQU40,0.57316446
ZXyJOxosVRo,0.4818925
dWnTyIPNI-A,0.99947363
N0Xy2WLz_9I,0.0037731617
GvhlKpLarQQ,0.00023470554
7FHHtRuAz0s,0.114296675
AkjSEMJ28hE,0.019437257
yBVehT0fx1U,0.0017343401
QYcO_NK8gPs,0.006759985
QMCypkZl2po,1.9705203e-05
F-VDKvUhuLE,0.988972
IqAuy_6ja28,1.0
KvCk1wsB9IA,2.5514779e-05
NZMncbs1FuM,0.99961734
_IjVZ50LcxE,2.9728471e-06
80itAq6TeMM,0.9869506
0vw9f02o1UU,0.0001969894
sNY_6diMbXs,5.283914e-05
vOW14j6EH70,0.518384
t4-jusa4zPg,0.8708613
MHYfT3OaznM,0.0005242502
mn3JTlQG3Ic,0.027002202
uOu5aalETFo,0.00016875924
qjD9cE9hE5Y,0.00041237214
6o_34a_o_1s,0.99905616
XVx-ocj-wJU,1.3900765e-05
5k6EjPymsRc,0.9999993
Nvw17Sd1lLM,0.99994826
BgKa3BtRf9s,0.9999963
Z2ktexkRb4w,0.9906155
_4HKv8Mhqyw,0.00027299245
5-2SGJBJptg,0.5612203
jwTDBf7WFDA,4.709997e-06
I4asti_Iils,0.9999995
kInl1lquBpA,0.2466169
DjKIMh7V1Qg,0.5932849
41kvpjQn3fU,0.00010938564
Zl40BEeqlk8,1.0573859e-05
CHidPgKcFfY,8.757195e-05
p0jO4Dqcl54,0.9993299
VCp0lCRH7Ok,0.9998149
M6EbDwxBn_U,0.01985832
Lp6-CQJc6GU,0.008309281
tngZDnTdpZ0,0.0011457001
RJ_sTc5HSUg,0.99999976
ZomI3Zh6oOQ,0.99985015
k3j5DnOikVA,0.9984756
KZ0LNN7p0qw,0.9999827
SYW7v21e5Lk,0.00039624833
cuzhajQfvrw,0.00016265776
WWbOVIhEgUM,0.9375982
E1mDqBvQPJQ,0.9999113
1n_PXw2Q51U,0.0006513707
7QGlX9E-8k8,0.008919031
0IP8Gg6l5oU,0.99999905
VCPACYIYqbI,0.058267474
gHVLCrARoxk,0.9925714
7M698v3jXC0,1.3598819e-05
Pk7kwh8X45c,2.1299971e-05
I7vb32VzyYU,0.9999634
m85-T4oTeMY,5.2008672e-05
95MSkigqNQE,2.49835e-05
W77s6g96F5g,0.99402034
f6eR6eLvaIg,1.0
JBT_qsKqTJM,0.0055082813
6lkDEwWnwkI,0.0596128
6Pwu0YH6UhA,2.754768e-06
Lw0fjxEQMnU,0.43471074
nvBGbgar9lY,3.2846867e-06
IR5_Cpi79-g,0.999982
oKuNRxVKhtE,0.99999654
UvqewMAOuTo,7.576981e-06
H9nKSRtcxiY,0.9999541
PFIhrEx0IX8,0.99999976
0XNTAx0B8G0,0.9907693
9klYVZBdgWk,0.7256819
912jzpxfVAA,5.404339e-05
TkszD5aatCA,0.79658633
Jiv5wECdVi4,0.99998343
3uGtVmyc7BQ,0.9989957
AQeTPIThMhs,8.2249724e-05
9gzIxXMkRuM,0.99992454
i_OQTHZmkRE,4.1694162e-05
variDaE3fys,7.302914e-05
Kw5Lg825pM4,0.9980354
iK9t1zYxPqk,0.042733744
Lu9fYcc6O14,0.0002395283
_15dlj2QVmI,0.0006092951
pLObOvNq6pg,0.9997893
QQzwyoU2EhM,0.00010062367
Y6-EXl7Njzg,0.010167868
Aa2MuuhTthg,2.1511312e-05
_uwH519BK68,0.990185
Q2bJV9GtLo0,2.956817e-05
b1uHxEAPP88,0.98528975
Mgxs9mF_m3s,0.99998736
XgSC_WM0bTU,0.999998
NeP2FJ2Hxg4,5.462391e-05
TNc8ilUZlDQ,0.001383962
ggOXK8CcEys,2.2935733e-14
MqvjPZwcFao,0.00032570492
nMNUV_8sY4c,0.9999962
KUpuig7bLwk,0.00017905152
NOO6gCjFV-E,0.22669208
SusfA7SpV-A,0.0007052395
OS8kRX5WnSI,0.00034668186
JjMiy3Z1Yko,0.000108112436
gLzQdo7-P2k,0.00932559
QDqBJwoQcNY,0.99988174
CA4RVYgk74o,0.0003332416
cBvGZZtTrdQ,0.99215394
E18MLcHBKkg,3.0581745e-05
RS8r6AkEZhw,0.9999969
4rAITKvoRKw,0.95202214
5bcG8Oif0JI,5.0101662e-05
j5Hv6xZP9lY,9.785479e-06
AEw2McqLRQY,0.00049879233
4urmRGK5CB4,0.00023320699
V43D8xN6dTc,0.1632632
2sh0D-0RmWM,0.007197102
Br2-nDM5zvY,3.705813e-05
eNmNBEufhqY,0.00043452316
tp9Ra5CTifw,0.7432559
y-buftBOpUk,0.112746336
-5MpAJy294E,0.94655764
P-r-Dzsgg10,0.0013470113
LostCc3fwn4,0.35349265
fK4QBQZ6i7w,5.9937693e-06
6vNi1wbY_Z8,0.00016341716
0I9RAH6HVP0,5.3205717e-05
NmdQ-AgFMQk,0.9640927
AfZntftd_1o,0.998879
3C2Eep8qnwQ,0.99999607
3jpO9879Epo,4.64526e-05
sK4PNV9RcR8,0.99939585
GR9DKMuctTE,0.90387577
SFMXcbyHbF0,0.078334585
dV1mCaptukw,0.9583609
bTvnntIgrVQ,0.0029019832
_tP-V8l2fmA,0.99999964
u7x_dbTr5xQ,0.9943613
dK1GZ9Nd8g0,0.0031145613
lryWG0dCA_4,0.99993575
PB_w_dU9J30,0.9998023
dLGETnvrxHY,0.020046385
qKo4CgvYhv0,0.9999999
o-8keSiTc88,0.9998153
1OU2gF8rWxM,0.99967563
hUyeJCYfh80,0.99183816
xThlCygD5Kk,0.0004866391
X43z-6hYpf0,0.05150951
ayIB3YflJEo,1.9311385e-05
whLPvsKEecI,0.9999994
jo0IIkmCdhw,0.072192796
vzIUvQLMRJU,8.918606e-05
NFoKGtEhFjU,0.63754576
1vglQi0k3C8,0.39033076
HunNHkOaWu0,0.9997999
eexRPQwz2GM,7.216861e-05
NtrbZ19g8HE,0.07073778
deblSm0P08g,0.0012323604
hlRa4F9ITjc,0.9994917
aLrGE1PXwvE,0.08900479
DHD6P93Mm4o,0.005769667
wTAis2AJp9U,0.99997807
fuIWdVOdOsk,1.2120878e-05
EVWmue2oLm0,0.00071570976
_26yykM2lWo,1.0
QicVDfVRaUU,0.00038078753
WVGPZHnwStQ,0.9999999
dgss8fMc3tw,4.2895826e-06
4rJ_JaeuhIU,0.9997806
blSUaafmRW8,0.00018650848
DPWWS1X2yzg,0.0005168878
gf6H7bpADJk,0.9999751
cgaIBbeRLjY,0.00054472004
I27qtgBuXQQ,0.99999976
IsP7RfoZUEg,0.99991894
3xYjGPW769k,0.0027991482
Zo7ovV2mvCs,0.9999995
3HnTK0BHIyM,0.9910035
BGEyte9ik2I,0.4434586
dlgnVkYl9mI,2.2514634e-05
eGZ7-RiAY10,0.7381265
sZUpUoVnzWg,0.99998915
Iy7O56IBM3Y,7.261138e-05
Gzl3gFoe1MM,0.0012264526
PT6hEESB-DQ,0.9999949
XJQ03t-7kik,0.05139771
_OOmbWAtLdM,0.9986889
uU8eNnrFOk0,0.0006626415
IpFYguz7cVc,0.64932865
Gl3f5RMExz4,1.2614367e-05
5oHOUKi5AYM,0.07397133
a0UzyNFnU1w,0.0058452985
lnCJxuyLyE8,0.99993587
84ybXpiEzdA,7.0298624e-06
jkIrmOYjsNM,0.99939847
G-a28TgqUfw,0.99990606
EqCas2nGFKg,0.018985055
IzoPJx1_3sU,0.0010116705
oDlUsTIC0So,0.0016756321
nzEo59X-j10,0.37304693
fs5tsjrXKuY,0.14130953
KvHY_StVb1g,0.00079206313
kXtJ8_dpJHE,0.99988294
ttcQAwSF3_I,0.000494686
HeLV1buhzpI,0.00013547763
mTdYythI2c0,0.00077152625
QKvUyOGEx4c,0.6545091
4ToZJeTagB4,0.00012959288
2yejn0jckuo,0.99972695
GO98TbfgNPI,0.00035790447
XJDq-e8g0W4,0.86603296
LuIUD6uW0x8,0.90330553
V83v6bIDwHM,0.9993419
ztdlQF4TVpg,0.99865794
I5c3MhyhT6A,0.9995559
DompeRBhqOQ,0.9999728
2_LU2u8b_dQ,0.9999987
J49epYLf4ns,6.5857734e-05
Pv1IX-DbFD8,0.0077577685
7t6E3-ogPcU,0.9798772
a72xyXbA6YI,0.0015767313
4SHO4eewUAo,0.9324618
v81LfsxVfbg,0.000568067
yMHi4WxNK7g,2.5899544e-05
Yg8yr8pGwlE,4.543806e-05
uroP7bsdQv8,0.21562394
Km7WSrfFnf0,0.99989045
1EewlcyiBC8,0.00042039802
eYzpeHI00TU,0.9677724
okMXV9aflHc,0.99997354
G0lyuHArHhc,0.9999758
GKKPMkLc5q4,0.99579066
Cj0WMRrrvYk,6.7602305e-05
RmOTqFKcHz0,0.99996984
ZV3eYs9K72Y,0.8776808
Qwlvt9PS5vg,0.9999994
UTI_ivUz6C4,0.99891794
TxDIxdDSnWw,0.0028792692
i5Z22Qw5_vc,9.65242e-06
heCCwpa4wTI,2.585774e-05
EpEeSf0TKC8,8.310791e-05
ocMUVCdMKHY,0.0010084517
_Gc3dkdnbM4,0.99704236
IaRMcAphWYM,2.441939e-05
RmoVe1-FKOk,0.012706122
4td8p5X2x3g,0.0009783991
_JHC16bbkKg,0.99999964
Qjo8CLX6bjc,0.0015182414
ZvarEh5EU-k,0.99999964
iR-QM7RA-4c,0.00028842327
QvSoTeKT-jI,0.0001929225
guvnNwCkhcs,0.00042702712
QSSc_owx5tQ,9.30192e-06
Qd3XSEMzIpE,6.145227e-05
LIluVun_dJk,0.9999999
LjGokr5j9rY,0.15975197
-2S0mx876C8,0.99793017
3lbiGhKoDb8,0.028862003
ee-HDPGJDR0,1.7105356e-05
GEQe3d9ybrY,6.313298e-05
HVF8a59C8w0,0.0012748397
hwhOPfmN-R4,0.9999262
chZLeOb9DUI,0.0006355079
cGIKpg3d25U,4.5062254e-05
XEuuMQQTms0,3.2023072e-05
T1AzDcJqEx0,2.5438235e-06
9Qdp4GZbyTU,0.00038105642
SEgZ753W2yA,0.00021343488
xKOxKq7XFe8,0.99601644
f_PpcxH8CvQ,0.99999964
Kc79x7oWP8s,0.9988071
53f24_5o084,0.99975735
Ukkdum_jpdg,0.0005737306
VcBK4S6vE4Y,0.96465474
uEVwdp3U-FQ,1.6363998e-05
YWG4IwPnH1g,0.99986947
JaeStFbgX8s,0.9980293
_QrBieJ_wuc,0.99141765
eFrSaQbbRFU,0.022433633
bG1M2tqygjU,1.6414591e-05
iRDym_9m2f0,3.5508678e-05
xNCPE_6R4DI,0.08900611
P2nxwHshab8,0.747448
hlgmDZhv1o8,0.99982953
Sp_p6sxQffE,1.9300449e-05
5vpXiK2P_44,2.4562984e-05
kLdAj93fuCg,3.0975407e-05
cpMoLNKOL-k,0.99998105
BuSlgLoQszk,0.0002045865
LclaxuISozc,0.9853498
l_DS-zKKP4o,0.0077008666
C9fzPX2IZkg,0.0012162367
pW9JI4yi16k,4.08885e-05
olkiw43JFOw,0.27512565
gbPlGnBmAxo,0.00012571193
UOQDOj-aniU,0.95701665
fV2oowttz7M,0.9937728
cH4b0yM_0pU,0.9999548
m3ea7VjRNR4,0.003127357
8vqOUie1qIQ,0.07046243
ci4EVMQaRg8,0.9852014
JrToKBsEB4c,0.03318898
FR7FDxAydrI,0.04554027
eY4HRGVRHmg,0.99992776
Go8Ba-BDRvE,0.94706583
sWGAYdGMErM,5.581861e-05
nnC-y6sgcs4,0.032623295
rzrJ9wPcGDI,1.191528e-05
qTu6bhYUe5E,0.00025146955
xVEBVlPx7jo,7.877746e-05
0-nJxMuqw3Q,0.00496946
0n277mRByWo,1.4154394e-06
ReRA0Hn3gi4,0.9999994
7DG4M4ow-bY,0.999997
VEeKiL7VkIY,0.9999963
LtJn7wqTlHQ,0.00028777038
VxYQ_7maGQg,0.65021986
fTSYBUbQXzo,0.03536243
DX6qiEryKZw,0.99995065
lLaBlDbjcnU,0.0005702622
22n29bkaYqM,0.00032895725
1KbnIhcNDew,3.4518027e-05
nSKk79H0-Lw,0.99999714
AoWR0mPw6Ek,0.004593057
fNWRvRqZGNc,0.00041283216
JwJbjka8rSw,0.999995
ckFSnFgSJ-A,0.00028041328
PRZMVrt9jVA,9.4376e-05
xwQE_69dbgQ,0.0002030547
eLZdpx0NFO8,0.99985874
O4nJYLDZb_I,0.6663517
3C1IpjsyHEA,2.7602498e-05
Q6ayym4NCIw,0.14828117
loN1f9wHBQA,0.9999988
_guQOHmb0MI,0.9961617
3ED1Q9v2w_I,0.06749296
D19eQph1FDw,0.9999975
MMUQckEa_ME,0.9995215
80p2p3TAzHs,0.999097
Wpmy1XWWt_w,7.2013725e-05
68qaX3ZoZek,0.49443325
avDceNc9Sy0,0.99993765
pgxL0VwV3fE,0.9947935
RAiaRWxvaUg,0.0015782996
8W403dpynOg,0.8174848
GQdlQNgGSsg,0.9999974
o5LsmKXZTCQ,0.0003577346
ciF042MLvz0,0.7232525
VammZV6t5H4,2.6865773e-05
HSzKX0GZmpA,0.99998164
wqRBKbE2YgI,9.8882214e-05
M_qPoaHoGC0,0.9998976
iLIR8xbxu64,2.2826496e-06
__0sM4LUoHs,0.0014911956
tHOTT_wDifg,0.014085839
ER49MNmOo28,1.0
-FrxFBIUmos,0.0012863183
LsBCiA7jkHI,0.0006099423
StYsz-V6Ve0,0.11782787
QZMT7FJZtRc,5.357485e-06
0aLOzAz6gkg,0.9999982
bjH-ahdq8M8,7.3995634e-06
zZGZwDOL-eY,0.00012587398
LpYVJLhASis,0.00021122574
0cTELQdajNY,0.9999995
MTDWCLDMOV8,8.319227e-05
gT5iFIS7beo,0.00016494005
6GJ1UKLZD4Y,2.0731148e-05
UBw5ujeODmE,0.9899435
U3WBtmtjosk,0.99827313
aR6X4ROamM4,0.9971686
azBQiZ6wCWM,1.9796727e-05
c23CwGp8Swg,7.8992747e-07
SU96mW7pLls,7.2150137e-06
SyZJuAtKOQI,0.00020542131
fDa3PMveVOE,8.5247175e-06
sUa_1kq01pc,0.00019808653
c9UmVKjxnqQ,0.99904317
b4yvKU7keG8,0.23695755
dA5YTkMKI9U,0.9992061
91-glMAJT-k,0.9993777
jyAVwXhbR5g,0.4118917
U2tiScLKvcU,1.01811565e-05
bMoqukws9mY,0.9999994
ipKCHDizaQI,0.00015326955
yPXSm_gKZQU,0.0010497721
K3joq4z3Vv8,0.900805
YIUa60aLoos,4.0091898e-05
xl6oKiMPMwY,3.4565262e-05
jlFiPfTHm4k,0.99981576
KHVZFbmt8xk,0.00025707384
LiUn28-JdBQ,0.99999714
Fkn-poTw_gA,0.00019221395
55JE3RkS84U,0.00012308716
ifTk_guz7no,0.058556784
knYJFn4hPeU,0.0012796408
DqBKJGcmr_A,5.7631587e-05
IcGBLr99nYY,0.0001185119
JmOLyt5CEYQ,0.98100257
IZm6eBHBMKA,0.9351079
tT-GpykWt88,0.47430906
UJM-Sxi5RT4,0.99950254
YsGwNffAE_8,0.99878126
J-xh_0p3m0s,0.99999464
e12HZJL_Om4,0.99999857
EdBBu8EFAg0,5.475162e-05
QDaRAVObSGM,1.0
unGQllAQD44,0.0023004934
UxHEyYQAz8o,0.99613535
WOnLnbOPJK8,0.00038363616
THw2rWyca5g,0.94519025
G1W-rg8B0MA,2.7035428e-06
lKzu-WDSz3s,2.1537526e-05
xCdxUzq3rPU,0.00029474095
f0QgJBvfEpc,0.08234155
WA74G58qF04,0.34896234
Uj9VLoPgAJw,7.095063e-05
fAqf-uCyT2c,0.012736317
mFxbRpO26yc,0.0009106945
aZdgtXnRWlw,0.99975234
zGsY2GGVSao,0.00014140326
LUZQSOqla6I,4.002929e-06
tTOWS_URkOc,0.0008520863
BX4YHnkNwxA,0.9768192
C3IPZXvIL68,0.0031333254
jrDC1D1DarQ,0.99897623
DLMkk4tFI_w,0.99991727
B-s47tq8MH0,0.5787798
eSXLCDwHB4Y,0.99961877
40WEUGbeZsU,0.9999124
lnpMxDc_hSc,0.9999192
k35PRqFxrqo,0.9990965
cLFSpQXS9Mw,0.00012487012
AdgsSUxv3YQ,5.523994e-05
pblI33b8l8o,3.501302e-06
Z1epa15Pzno,0.060235474
T0o_XvH-JJs,0.00017849955
_hqMVjMmI3c,0.21101114
khWH1gdw1iM,0.00031790556
hf9pKuTuPcA,0.9998442
FEiIzf5hb2o,8.8860185e-07
hVOEesEabN8,0.0020108281
2BTJ7AyXQBs,0.999923
0loTD5XebiQ,0.0002042933
I32vWaVaSTk,0.9974089
YBM4aFP11fQ,2.2668504e-05
k1KzGLorCFs,0.00028301455
YM_KYGx9sxA,0.90879285
vMUneNUMi2o,0.9976158
-AYwFAcUzSo,0.00021248721
kTgap5MSkaw,0.018681636
x2nbTtb8VNA,0.07557058
g7o6edjOe_s,2.796522e-05
mHxGqJ4A_XA,0.9899261
XS2wQ4yUSgQ,3.1988693e-06
Yvpz4sG6nOU,0.0028352488
SMRIfGZ6OCA,0.9999982
-3Zm_4F5Og8,0.9999974
Wx3VU6MhsGg,0.003422003
AxbidyMn0gQ,0.0013193524
GbdZ3uD4zeU,0.9999863
FpO85aT3Ry8,0.9703406
FUrdx1km6Lw,0.008218866
xGI-5cJK_Ls,8.049882e-06
H3z80CBJYRU,1.4212843e-05
T4E4YNx8Ekg,0.9999907
AVO7Xr2Dods,4.484739e-05
7WvGef41TJA,1.6704416e-05
NxP9CfxfJxg,0.99999917
QgtMM7Evhgc,0.9988656
mo2qyrKFTEU,0.0010030284
L5w_KnCFULA,0.0067717037
7xWaOuBnUE4,1.695224e-06
3tlSjRtu0ZI,0.00020549988
2cDxkcrJeSY,0.9998287
eoNj4u9HpcM,0.9219054
imMV35JSALg,0.12442204
j37CuNVfNXU,5.507357e-05
reeJzVhM4Nc,0.9774678
KeprFzFcbYU,0.0007427994
AzRqzYeJD-M,0.00039416732
yA9iR8xtdJA,0.00087001873
VV_FA010eOI,0.9978131
P2frakRI4Pk,0.9999975
AAV4_7YNYec,0.9962607
wzzXrjUqyrc,9.279087e-06
dHwXCP-W_Go,5.074469e-05
7ffo4AUEE6s,0.99999344
92CYiK30g7I,0.998884
NiACTzuD2T8,0.999897
uqxytXasHTg,0.9989561
Hjc8OYRLYx0,9.819777e-05
klsCc9vGvqs,3.7264166e-05
FEaupvKZ790,0.9999968
8MmTZYyl8gc,1.0891792e-05
JKXSoVy3ZvA,0.9746551
LTWkOJrKUbM,0.9984059
v0ru8uDM3Cg,0.00023820967
GZg01_8SYvQ,0.99989533
9DNhMZBssg4,0.9999461
BAEG3OtEf3s,0.00030636546
sw1_PQt-3fE,0.0028605722
PRDrFfv0eQ8,0.99999964
md7xTbR_qdY,2.548759e-05
llsW_m5TnvQ,0.00057297485
d1-AvA6W0G8,0.99460113
NkZIUOdgYh4,0.94656366
arLmZ7ZLZ0Q,0.08151558
K9dwZkoGOpg,0.00012895794
9kBvHiHHtoM,0.041788056
V1F-0D3G0wc,0.9995254
wiKQzgFGvIw,0.99414057
Yu87_wL5PrI,1.0
C1cQ9r6ioY0,0.9971021
ckeykuC62Oc,0.99917895
Ri0TmUVyCLE,2.7551556e-05
QdMnDfOVJks,1.0
M1bmYMDKlrI,6.4412548e-06
UbI1zPxYmxk,1.5428937e-05
m66t_j137lw,0.9998018
Cvwyf4tOrqc,0.003296595
Zw15c9YjZ-g,1.2363735e-05
JZ-Wbx5otbs,0.00023545529
8jLvFPn5iwE,0.9999428
WxG0EDS9gGA,6.1093447e-06
TBZUDlM8flY,0.02468919
JwL6rUzoe6Q,0.0008089816
GGa_vj__TsA,0.99999475
VI57Gxq5iBk,0.9999999
lQOQR6HCGyE,0.9999876
CqhPMjumTOA,0.0076480927
Ccn2LQJc2MI,0.99999356
f6OhmrIdB-g,0.010246217
vCxGJelmAeg,0.053065177
